date,tactic,state,campaign,impressions,clicks,spend,attributed_revenue
2024-01-01,Search_Ads,IL,Search_Brand_Terms,5889,220,352.83,618.18
2024-01-01,Shopping_Ads,GA,Search_Brand_Terms,6617,266,440.42,1075.72
2024-01-01,Video_Ads,GA,Shopping_Campaigns,9159,247,307.33,405.85
2024-01-01,Shopping_Ads,OH,Display_Remarketing,5649,56,105.07,84.72
2024-01-01,Display_Ads,FL,YouTube_Video_Ads,7592,292,741.65,330.99
2024-01-02,Search_Ads,MI,Search_Brand_Terms,11230,418,718.36,941.04
2024-01-02,Display_Ads,FL,Shopping_Campaigns,7112,298,719.89,706.72
2024-01-02,Video_Ads,NY,Display_Remarketing,10012,241,231.5,0.0
2024-01-02,Display_Ads,PA,YouTube_Video_Ads,8056,193,231.77,95.12
2024-01-03,Video_Ads,NY,Search_Brand_Terms,6790,228,513.8,225
2024-01-03,Shopping_Ads,IL,Shopping_Campaigns,5670,247,565.95,590.71
2024-01-03,Shopping_Ads,GA,Shopping_Campaigns,6790,208,375.62,756.67
2024-01-03,Shopping_Ads,CA,Display_Remarketing,6366,352,917.43,512.25
2024-01-03,Video_Ads,TX,YouTube_Video_Ads,10625,443,1136.62,243.96
2024-01-04,Shopping_Ads,MI,Search_Brand_Terms,6156,167,227.75,549.21
2024-01-04,Search_Ads,MI,Shopping_Campaigns,6268,208,254.2,487.05
2024-01-04,Shopping_Ads,MI,Display_Remarketing,7327,202,742.5,79.89
2024-01-04,Video_Ads,TX,YouTube_Video_Ads,6540,123,196.1,201.59
2024-01-05,Shopping_Ads,MI,Search_Brand_Terms,9321,175,415.8,154.67
2024-01-05,Shopping_Ads,TX,Shopping_Campaigns,7616,317,638.72,1789.68
2024-01-05,Search_Ads,FL,Display_Remarketing,9972,346,461.12,173.36
2024-01-05,Video_Ads,CA,Display_Remarketing,6528,232,638.93,487.06
2024-01-05,Display_Ads,NC,YouTube_Video_Ads,8789,310,748.15,248.32
2024-01-05,Shopping_Ads,PA,YouTube_Video_Ads,11405,463,1095.89,606.02
2024-01-06,Search_Ads,FL,Search_Brand_Terms,5610,162,361.06,932.43
2024-01-06,Video_Ads,NY,Shopping_Campaigns,8381,395,506.94,641.96
2024-01-06,Display_Ads,NC,Display_Remarketing,6638,274,592.8,461.06
2024-01-06,Display_Ads,FL,Display_Remarketing,8322,260,566.1,85.4
2024-01-06,Shopping_Ads,NY,YouTube_Video_Ads,9632,401,1361.8,140.13
2024-01-06,Search_Ads,OH,YouTube_Video_Ads,5987,249,263.48,180.31
2024-01-07,Search_Ads,MI,Search_Brand_Terms,5185,120,193.25,257.37
2024-01-07,Search_Ads,NY,Shopping_Campaigns,7492,446,980.32,589.48
2024-01-07,Shopping_Ads,FL,Display_Remarketing,10404,278,87.64,559.66
2024-01-07,Shopping_Ads,OH,YouTube_Video_Ads,8869,351,595.26,0.0
2024-01-08,Display_Ads,GA,Search_Brand_Terms,9521,377,638.53,1167.93
2024-01-08,Display_Ads,PA,Shopping_Campaigns,10073,470,1123.95,1702.64
2024-01-08,Display_Ads,GA,Display_Remarketing,8696,311,443.17,229.01
2024-01-08,Search_Ads,GA,Display_Remarketing,6732,284,609.88,740.06
2024-01-08,Shopping_Ads,TX,YouTube_Video_Ads,9764,343,534.65,540.28
2024-01-08,Shopping_Ads,NC,YouTube_Video_Ads,10038,295,840.65,243.55
2024-01-09,Search_Ads,TX,Search_Brand_Terms,6631,258,699.07,1022.79
2024-01-09,Shopping_Ads,NC,Search_Brand_Terms,8997,375,726.91,747.58
2024-01-09,Shopping_Ads,FL,Shopping_Campaigns,7525,209,471.22,960.72
2024-01-09,Video_Ads,FL,Shopping_Campaigns,7036,283,407.11,780.74
2024-01-09,Video_Ads,GA,Display_Remarketing,8135,291,437.25,312.83
2024-01-09,Search_Ads,IL,YouTube_Video_Ads,9682,318,785.67,451.01
2024-01-09,Shopping_Ads,OH,YouTube_Video_Ads,10324,291,330.23,179.63
2024-01-10,Display_Ads,PA,Search_Brand_Terms,6204,245,556.96,428.55
2024-01-10,Video_Ads,TX,Shopping_Campaigns,9576,258,362.37,1903.5
2024-01-10,Search_Ads,NY,Display_Remarketing,8756,346,845.87,272.41
2024-01-10,Video_Ads,MI,YouTube_Video_Ads,5693,188,331.31,39.74
2024-01-10,Display_Ads,NC,YouTube_Video_Ads,12703,490,1325.18,414.97
2024-01-11,Search_Ads,TX,Search_Brand_Terms,8805,530,1784.73,1082.48
2024-01-11,Video_Ads,NC,Search_Brand_Terms,10520,317,711.97,1337.02
2024-01-11,Shopping_Ads,FL,Shopping_Campaigns,8085,249,364.93,501.17
2024-01-11,Video_Ads,TX,Display_Remarketing,6789,211,595.91,194.28
2024-01-11,Display_Ads,FL,Display_Remarketing,7213,275,687.12,382.56
2024-01-11,Search_Ads,NY,YouTube_Video_Ads,10045,340,675.1,240.51
2024-01-12,Video_Ads,NC,Search_Brand_Terms,6948,353,764.47,1217.01
2024-01-12,Search_Ads,OH,Search_Brand_Terms,9064,170,509.7,407.78
2024-01-12,Display_Ads,TX,Shopping_Campaigns,8433,356,697.45,1371.09
2024-01-12,Shopping_Ads,FL,Shopping_Campaigns,10867,284,793.49,1101.1
2024-01-12,Display_Ads,IL,Display_Remarketing,5952,209,578.69,253.32
2024-01-12,Shopping_Ads,NC,YouTube_Video_Ads,7323,285,803.09,548.88
2024-01-13,Display_Ads,MI,Search_Brand_Terms,6165,219,497.68,800.28
2024-01-13,Shopping_Ads,CA,Shopping_Campaigns,9412,309,445.72,723.72
2024-01-13,Display_Ads,NC,Shopping_Campaigns,10577,257,516.04,798.01
2024-01-13,Video_Ads,MI,Display_Remarketing,7321,140,268.7,188.23
2024-01-13,Shopping_Ads,MI,YouTube_Video_Ads,11408,252,496.07,137.88
2024-01-14,Display_Ads,NC,Search_Brand_Terms,7091,261,711.97,1073.58
2024-01-14,Shopping_Ads,NC,Shopping_Campaigns,12167,550,1118.76,832.84
2024-01-14,Display_Ads,TX,Shopping_Campaigns,6884,216,623.34,757.22
2024-01-14,Video_Ads,FL,Display_Remarketing,4180,197,290.98,113.03
2024-01-14,Shopping_Ads,OH,Display_Remarketing,9497,118,317.85,73.45
2024-01-14,Video_Ads,OH,YouTube_Video_Ads,10775,525,1202.04,392.21
2024-01-14,Display_Ads,CA,YouTube_Video_Ads,7592,266,623.64,376.72
2024-01-15,Video_Ads,MI,Search_Brand_Terms,7006,299,497.69,756.27
2024-01-15,Search_Ads,NY,Shopping_Campaigns,8288,321,881.78,1245.08
2024-01-15,Shopping_Ads,PA,Display_Remarketing,10064,570,1347.87,1944.23
2024-01-15,Shopping_Ads,IL,Display_Remarketing,6800,289,331.94,418.73
2024-01-15,Video_Ads,FL,YouTube_Video_Ads,10920,365,781.2,397.41
2024-01-15,Search_Ads,OH,YouTube_Video_Ads,10811,401,476.75,93.47
2024-01-16,Search_Ads,IL,Search_Brand_Terms,7256,183,540.59,647.28
2024-01-16,Shopping_Ads,CA,Search_Brand_Terms,6227,318,561.13,815.81
2024-01-16,Search_Ads,OH,Shopping_Campaigns,9184,483,951.48,940.85
2024-01-16,Video_Ads,PA,Shopping_Campaigns,8863,353,931.21,735.54
2024-01-16,Display_Ads,NY,Display_Remarketing,10601,235,736.0,658.59
2024-01-16,Search_Ads,NC,Display_Remarketing,3920,197,265.06,167.86
2024-01-16,Video_Ads,NC,YouTube_Video_Ads,8736,431,708.17,960.34
2024-01-16,Search_Ads,OH,YouTube_Video_Ads,9307,467,948.64,1140.06
2024-01-17,Shopping_Ads,CA,Search_Brand_Terms,10315,317,415.41,625.84
2024-01-17,Video_Ads,CA,Search_Brand_Terms,9806,195,427.27,473.66
2024-01-17,Search_Ads,FL,Shopping_Campaigns,4961,123,416.2,320.72
2024-01-17,Display_Ads,MI,Shopping_Campaigns,7766,177,506.49,950.13
2024-01-17,Shopping_Ads,MI,Display_Remarketing,9580,238,675.96,203.84
2024-01-17,Video_Ads,FL,YouTube_Video_Ads,7208,198,550.66,413.9
2024-01-18,Display_Ads,OH,Search_Brand_Terms,12441,245,565.38,1001.97
2024-01-18,Search_Ads,NC,Search_Brand_Terms,10548,467,1159.1,3942.38
2024-01-18,Search_Ads,PA,Shopping_Campaigns,10020,303,384.76,276.2
2024-01-18,Search_Ads,CA,Display_Remarketing,10980,521,504.18,638.52
2024-01-18,Search_Ads,CA,Display_Remarketing,12420,497,749.85,769.08
2024-01-18,Search_Ads,NY,YouTube_Video_Ads,9949,339,804.37,1032.31
2024-01-19,Search_Ads,PA,Search_Brand_Terms,10661,235,317.95,866.39
2024-01-19,Video_Ads,NY,Shopping_Campaigns,6819,221,614.42,1066.23
2024-01-19,Display_Ads,NY,Shopping_Campaigns,10566,398,724.26,1474.46
2024-01-19,Video_Ads,PA,Display_Remarketing,6891,265,244.55,668.13
2024-01-19,Display_Ads,PA,YouTube_Video_Ads,3322,140,331.16,239.33
2024-01-20,Search_Ads,OH,Search_Brand_Terms,4777,169,522.51,146.68
2024-01-20,Shopping_Ads,MI,Shopping_Campaigns,8031,401,547.54,819.22
2024-01-20,Video_Ads,PA,Shopping_Campaigns,11361,605,881.53,1855.59
2024-01-20,Display_Ads,NC,Display_Remarketing,5068,229,254.44,550.29
2024-01-20,Shopping_Ads,OH,Display_Remarketing,5219,292,752.31,619.63
2024-01-20,Display_Ads,NC,YouTube_Video_Ads,7596,293,455.88,659.18
2024-01-21,Search_Ads,TX,Search_Brand_Terms,9057,228,541.04,210.32
2024-01-21,Search_Ads,FL,Search_Brand_Terms,3783,180,322.76,409.3
2024-01-21,Search_Ads,CA,Shopping_Campaigns,10240,270,624.46,1891.91
2024-01-21,Video_Ads,NC,Display_Remarketing,9288,341,741.69,582.13
2024-01-21,Display_Ads,CA,YouTube_Video_Ads,7207,231,412.82,257.64
2024-01-22,Search_Ads,IL,Search_Brand_Terms,4897,160,269.95,793.69
2024-01-22,Video_Ads,GA,Search_Brand_Terms,9481,433,747.78,646.17
2024-01-22,Display_Ads,PA,Shopping_Campaigns,4584,200,355.05,465.59
2024-01-22,Display_Ads,NY,Shopping_Campaigns,12283,318,922.65,638.31
2024-01-22,Display_Ads,IL,Display_Remarketing,7956,377,529.19,243.76
2024-01-22,Search_Ads,MI,Display_Remarketing,11534,452,1299.6,1303.23
2024-01-22,Display_Ads,GA,YouTube_Video_Ads,12831,308,790.56,181.64
2024-01-22,Search_Ads,FL,YouTube_Video_Ads,9126,372,597.51,439.18
2024-01-23,Search_Ads,IL,Search_Brand_Terms,10292,487,1126.18,2790.59
2024-01-23,Search_Ads,FL,Search_Brand_Terms,6979,353,1364.78,940.16
2024-01-23,Search_Ads,FL,Shopping_Campaigns,8763,283,512.47,1761.28
2024-01-23,Video_Ads,MI,Display_Remarketing,6008,189,579.0,311.42
2024-01-23,Video_Ads,MI,YouTube_Video_Ads,7841,211,512.84,281.2
2024-01-23,Video_Ads,PA,YouTube_Video_Ads,6636,209,660.01,414.81
2024-01-24,Display_Ads,IL,Search_Brand_Terms,8313,276,447.67,1332.81
2024-01-24,Search_Ads,NC,Shopping_Campaigns,10293,209,447.67,367.28
2024-01-24,Video_Ads,CA,Display_Remarketing,6684,178,328.83,111.46
2024-01-24,Video_Ads,FL,Display_Remarketing,6993,223,471.72,340.45
2024-01-24,Display_Ads,TX,YouTube_Video_Ads,10015,453,1182.72,512.88
2024-01-25,Display_Ads,GA,Search_Brand_Terms,9124,288,433.73,1093.6
2024-01-25,Display_Ads,TX,Search_Brand_Terms,10764,332,680.4,1015.12
2024-01-25,Shopping_Ads,CA,Shopping_Campaigns,10666,353,770.64,495.12
2024-01-25,Search_Ads,IL,Display_Remarketing,5849,263,249.92,241.49
2024-01-25,Shopping_Ads,IL,YouTube_Video_Ads,8923,381,491.38,411.21
2024-01-26,Search_Ads,NY,Search_Brand_Terms,10488,362,1094.19,1404.82
2024-01-26,Display_Ads,TX,Search_Brand_Terms,12368,534,1508.39,1746.86
2024-01-26,Shopping_Ads,IL,Shopping_Campaigns,7946,361,454.98,469.14
2024-01-26,Video_Ads,IL,Shopping_Campaigns,9529,125,228.9,351.19
2024-01-26,Display_Ads,IL,Display_Remarketing,6014,243,442.23,1128.37
2024-01-26,Video_Ads,FL,Display_Remarketing,4658,79,164.67,198.38
2024-01-26,Shopping_Ads,NY,YouTube_Video_Ads,9828,289,669.01,512.49
2024-01-27,Search_Ads,PA,Search_Brand_Terms,11977,473,1141.65,1405.66
2024-01-27,Shopping_Ads,GA,Shopping_Campaigns,10755,285,622.49,441.55
2024-01-27,Search_Ads,NY,Shopping_Campaigns,12078,422,928.99,686.17
2024-01-27,Search_Ads,IL,Display_Remarketing,6534,221,567.45,337.48
2024-01-27,Video_Ads,FL,Display_Remarketing,8539,284,1095.91,198.17
2024-01-27,Video_Ads,IL,YouTube_Video_Ads,7902,179,461.12,456.68
2024-01-27,Shopping_Ads,FL,YouTube_Video_Ads,6642,129,201.41,394.93
2024-01-28,Display_Ads,GA,Search_Brand_Terms,11552,621,951.75,2830.46
2024-01-28,Shopping_Ads,OH,Search_Brand_Terms,13666,360,587.29,973.28
2024-01-28,Video_Ads,IL,Shopping_Campaigns,8908,241,539.19,827.33
2024-01-28,Display_Ads,IL,Display_Remarketing,9886,269,652.1,754.97
2024-01-28,Display_Ads,NC,YouTube_Video_Ads,8428,273,568.55,320.41
2024-01-29,Search_Ads,MI,Search_Brand_Terms,6314,209,541.77,743.1
2024-01-29,Search_Ads,TX,Shopping_Campaigns,7974,312,1043.05,787.1
2024-01-29,Video_Ads,MI,Display_Remarketing,9210,218,508.52,563.79
2024-01-29,Shopping_Ads,NY,YouTube_Video_Ads,9473,334,1031.69,615.2
2024-01-30,Display_Ads,OH,Search_Brand_Terms,8136,178,430.15,660.19
2024-01-30,Video_Ads,PA,Search_Brand_Terms,7588,308,774.94,942.44
2024-01-30,Search_Ads,NC,Shopping_Campaigns,10296,367,962.56,810.12
2024-01-30,Video_Ads,OH,Display_Remarketing,10355,375,1415.23,314.97
2024-01-30,Shopping_Ads,GA,Display_Remarketing,8653,193,250.74,113.27
2024-01-30,Search_Ads,NY,YouTube_Video_Ads,12759,362,1141.29,468.31
2024-01-31,Video_Ads,PA,Search_Brand_Terms,7432,266,617.74,945.98
2024-01-31,Search_Ads,OH,Shopping_Campaigns,10027,547,678.51,464.97
2024-01-31,Shopping_Ads,PA,Shopping_Campaigns,6490,295,602.13,800.96
2024-01-31,Shopping_Ads,NY,Display_Remarketing,10501,225,354.82,434.38
2024-01-31,Search_Ads,NY,Display_Remarketing,5749,268,367.39,183.69
2024-01-31,Video_Ads,NC,YouTube_Video_Ads,6476,297,696.76,532.1
2024-02-01,Video_Ads,FL,Search_Brand_Terms,9988,320,386.47,1298.23
2024-02-01,Video_Ads,GA,Search_Brand_Terms,8792,427,746.16,2007.83
2024-02-01,Shopping_Ads,CA,Shopping_Campaigns,8073,358,616.19,461.58
2024-02-01,Display_Ads,CA,Shopping_Campaigns,9195,116,213.03,128.44
2024-02-01,Display_Ads,OH,Display_Remarketing,8885,148,398.4,96.13
2024-02-01,Display_Ads,IL,Display_Remarketing,7361,214,748.56,340.44
2024-02-01,Search_Ads,MI,YouTube_Video_Ads,8182,285,887.48,374.68
2024-02-01,Search_Ads,MI,YouTube_Video_Ads,5596,185,281.98,127.45
2024-02-02,Display_Ads,PA,Search_Brand_Terms,8168,316,587.88,1110.55
2024-02-02,Shopping_Ads,NY,Shopping_Campaigns,8481,161,479.27,228.99
2024-02-02,Video_Ads,NC,Display_Remarketing,9134,312,677.23,319.41
2024-02-02,Search_Ads,NY,YouTube_Video_Ads,8105,352,701.5,358.86
2024-02-03,Shopping_Ads,PA,Search_Brand_Terms,10219,378,884.08,1054.92
2024-02-03,Shopping_Ads,MI,Search_Brand_Terms,5325,254,554.83,602.27
2024-02-03,Shopping_Ads,NC,Shopping_Campaigns,7886,326,902.42,648.37
2024-02-03,Display_Ads,TX,Display_Remarketing,7357,134,363.96,336.34
2024-02-03,Display_Ads,MI,Display_Remarketing,9079,425,858.19,553.92
2024-02-03,Search_Ads,CA,YouTube_Video_Ads,6938,241,486.36,97.05
2024-02-03,Display_Ads,CA,YouTube_Video_Ads,10968,330,877.41,552.96
2024-02-04,Shopping_Ads,PA,Search_Brand_Terms,7429,302,812.62,1168.96
2024-02-04,Display_Ads,MI,Shopping_Campaigns,10485,238,308.23,815.89
2024-02-04,Shopping_Ads,TX,Shopping_Campaigns,4802,148,338.73,293.74
2024-02-04,Display_Ads,CA,Display_Remarketing,8892,478,1312.17,455.65
2024-02-04,Display_Ads,NY,YouTube_Video_Ads,7712,355,807.1,565.66
2024-02-05,Search_Ads,NY,Search_Brand_Terms,4634,122,274.88,775.87
2024-02-05,Search_Ads,OH,Shopping_Campaigns,8647,262,250.19,1088.52
2024-02-05,Shopping_Ads,TX,Display_Remarketing,5565,210,209.83,293.08
2024-02-05,Display_Ads,PA,Display_Remarketing,5231,228,618.85,681.26
2024-02-05,Shopping_Ads,GA,YouTube_Video_Ads,10012,542,1276.48,288.98
2024-02-06,Display_Ads,PA,Search_Brand_Terms,4570,98,171.6,423.72
2024-02-06,Shopping_Ads,CA,Shopping_Campaigns,13762,571,1545.23,1061.44
2024-02-06,Shopping_Ads,GA,Shopping_Campaigns,5902,140,166.57,534.99
2024-02-06,Display_Ads,CA,Display_Remarketing,7432,301,343.51,196.76
2024-02-06,Display_Ads,OH,YouTube_Video_Ads,10032,366,750.32,407.43
2024-02-07,Display_Ads,NC,Search_Brand_Terms,9445,326,556.11,1366.89
2024-02-07,Video_Ads,IL,Search_Brand_Terms,10539,443,613.85,500
2024-02-07,Display_Ads,TX,Shopping_Campaigns,8654,404,1247.48,869.19
2024-02-07,Video_Ads,IL,Shopping_Campaigns,10351,365,925.43,1388.25
2024-02-07,Search_Ads,PA,Display_Remarketing,4722,118,87.97,137.71
2024-02-07,Search_Ads,TX,YouTube_Video_Ads,8938,230,518.24,404.16
2024-02-07,Video_Ads,NY,YouTube_Video_Ads,10287,401,926.19,724.85
2024-02-08,Search_Ads,FL,Search_Brand_Terms,6894,311,1152.6,699.58
2024-02-08,Search_Ads,NY,Shopping_Campaigns,7265,359,987.3,641.18
2024-02-08,Search_Ads,NY,Display_Remarketing,4108,90,410.02,68.39
2024-02-08,Shopping_Ads,MI,YouTube_Video_Ads,6949,247,323.31,302.34
2024-02-08,Video_Ads,IL,YouTube_Video_Ads,10436,237,443.28,270.76
2024-02-09,Display_Ads,MI,Search_Brand_Terms,10501,285,711.18,1761.4
2024-02-09,Shopping_Ads,GA,Search_Brand_Terms,12860,406,1033.02,1702.08
2024-02-09,Search_Ads,OH,Shopping_Campaigns,11827,463,1168.2,638.06
2024-02-09,Display_Ads,NC,Shopping_Campaigns,12567,596,1541.68,2174.65
2024-02-09,Video_Ads,GA,Display_Remarketing,8802,369,1132.68,175
2024-02-09,Video_Ads,FL,Display_Remarketing,10341,281,836.31,736.26
2024-02-09,Video_Ads,IL,YouTube_Video_Ads,10544,395,558.78,569.5
2024-02-10,Search_Ads,FL,Search_Brand_Terms,10066,255,181.28,765.19
2024-02-10,Video_Ads,NC,Search_Brand_Terms,11193,372,848.05,1448.33
2024-02-10,Video_Ads,TX,Shopping_Campaigns,12461,461,947.87,1754.08
2024-02-10,Shopping_Ads,NC,Display_Remarketing,11255,364,505.44,170.29
2024-02-10,Display_Ads,OH,Display_Remarketing,12452,157,512.34,215.18
2024-02-10,Search_Ads,NY,YouTube_Video_Ads,13739,440,1168.72,1020.93
2024-02-10,Display_Ads,MI,YouTube_Video_Ads,11108,287,947.56,122.77
2024-02-11,Search_Ads,TX,Search_Brand_Terms,8219,265,976.13,1068.27
2024-02-11,Video_Ads,PA,Search_Brand_Terms,8384,228,508.72,492.81
2024-02-11,Shopping_Ads,IL,Shopping_Campaigns,8712,290,615.02,1390.75
2024-02-11,Search_Ads,OH,Shopping_Campaigns,11220,339,654.47,482.42
2024-02-11,Search_Ads,MI,Display_Remarketing,9963,239,384.23,211.68
2024-02-11,Search_Ads,NC,Display_Remarketing,10726,443,796.88,83.62
2024-02-11,Display_Ads,TX,YouTube_Video_Ads,5524,288,350.61,297.51
2024-02-12,Shopping_Ads,TX,Search_Brand_Terms,6051,239,587.99,488.98
2024-02-12,Search_Ads,GA,Shopping_Campaigns,5641,250,549.12,1364.37
2024-02-12,Display_Ads,MI,Shopping_Campaigns,7856,284,833.18,1178.31
2024-02-12,Video_Ads,MI,Display_Remarketing,4041,120,250.98,535.24
2024-02-12,Display_Ads,CA,YouTube_Video_Ads,6773,269,476.37,293.41
2024-02-12,Search_Ads,PA,YouTube_Video_Ads,10812,487,1029.22,641.62
2024-02-13,Shopping_Ads,NY,Search_Brand_Terms,8215,211,575.68,453.13
2024-02-13,Video_Ads,NY,Search_Brand_Terms,11796,478,898.92,3813.9
2024-02-13,Shopping_Ads,CA,Shopping_Campaigns,8143,373,724.56,536.68
2024-02-13,Search_Ads,MI,Shopping_Campaigns,8203,82,223.55,106.0
2024-02-13,Display_Ads,GA,Display_Remarketing,2938,94,172.26,95.9
2024-02-13,Video_Ads,OH,YouTube_Video_Ads,7744,389,698.86,432.45
2024-02-13,Shopping_Ads,FL,YouTube_Video_Ads,5778,270,499.87,355.8
2024-02-14,Display_Ads,IL,Search_Brand_Terms,10617,360,1007.2,2048.91
2024-02-14,Video_Ads,FL,Search_Brand_Terms,8454,256,384.55,707.54
2024-02-14,Display_Ads,IL,Shopping_Campaigns,14141,651,1116.89,2189.57
2024-02-14,Display_Ads,PA,Display_Remarketing,10321,446,792.41,627.36
2024-02-14,Shopping_Ads,TX,YouTube_Video_Ads,7775,176,551.21,67.69
2024-02-15,Display_Ads,GA,Search_Brand_Terms,6468,164,393.58,1351.78
2024-02-15,Video_Ads,MI,Shopping_Campaigns,15035,537,1198.71,1053.55
2024-02-15,Display_Ads,OH,Display_Remarketing,5181,158,84.22,0.0
2024-02-15,Display_Ads,MI,YouTube_Video_Ads,6688,282,434.12,411.8
2024-02-15,Display_Ads,GA,YouTube_Video_Ads,6490,249,536.68,324.73
2024-02-16,Shopping_Ads,PA,Search_Brand_Terms,6645,173,455.38,591.96
2024-02-16,Search_Ads,NC,Search_Brand_Terms,4447,77,170.9,62.96
2024-02-16,Search_Ads,CA,Shopping_Campaigns,8313,294,486.7,1344.16
2024-02-16,Display_Ads,PA,Shopping_Campaigns,10837,369,633.22,1255.2
2024-02-16,Shopping_Ads,CA,Display_Remarketing,11039,580,579.09,426.85
2024-02-16,Search_Ads,NC,Display_Remarketing,6057,250,261.91,644.38
2024-02-16,Video_Ads,OH,YouTube_Video_Ads,9089,491,1369.17,652.34
2024-02-17,Search_Ads,IL,Search_Brand_Terms,9271,150,351.19,605.33
2024-02-17,Video_Ads,NY,Shopping_Campaigns,10570,524,1602.74,1069.05
2024-02-17,Shopping_Ads,TX,Display_Remarketing,8382,290,726.45,547.25
2024-02-17,Video_Ads,CA,Display_Remarketing,14085,402,405.73,458.92
2024-02-17,Shopping_Ads,PA,YouTube_Video_Ads,11065,561,463.79,524.06
2024-02-17,Search_Ads,IL,YouTube_Video_Ads,10058,443,864.46,759.45
2024-02-18,Search_Ads,FL,Search_Brand_Terms,7564,308,608.53,1151.88
2024-02-18,Search_Ads,TX,Shopping_Campaigns,10152,279,541.48,1055.49
2024-02-18,Shopping_Ads,IL,Display_Remarketing,8925,385,715.55,495.09
2024-02-18,Search_Ads,CA,YouTube_Video_Ads,9394,432,1386.01,393.98
2024-02-18,Video_Ads,IL,YouTube_Video_Ads,5757,170,330.63,308.94
2024-02-19,Search_Ads,MI,Search_Brand_Terms,13274,267,667.44,635.29
2024-02-19,Search_Ads,NC,Shopping_Campaigns,8364,313,503.07,426.44
2024-02-19,Video_Ads,PA,Display_Remarketing,7344,253,491.29,653.9
2024-02-19,Shopping_Ads,PA,YouTube_Video_Ads,7850,192,372.07,148.4
2024-02-20,Shopping_Ads,IL,Search_Brand_Terms,8414,394,928.35,1513.77
2024-02-20,Display_Ads,MI,Search_Brand_Terms,7758,315,772.27,867.52
2024-02-20,Display_Ads,PA,Shopping_Campaigns,10537,348,827.61,1039.98
2024-02-20,Video_Ads,CA,Shopping_Campaigns,9960,370,542.11,481.83
2024-02-20,Display_Ads,NY,Display_Remarketing,5191,105,269.9,293.76
2024-02-20,Display_Ads,CA,Display_Remarketing,13028,438,1074.13,498.31
2024-02-20,Video_Ads,IL,YouTube_Video_Ads,8176,327,711.9,457.73
2024-02-20,Search_Ads,PA,YouTube_Video_Ads,5861,223,573.69,212.44
2024-02-21,Video_Ads,MI,Search_Brand_Terms,8652,270,824.91,1011.33
2024-02-21,Video_Ads,MI,Shopping_Campaigns,9607,463,398.27,1023.54
2024-02-21,Video_Ads,IL,Shopping_Campaigns,10462,447,1161.42,1214.34
2024-02-21,Display_Ads,NC,Display_Remarketing,8034,303,757.94,57.92
2024-02-21,Search_Ads,FL,YouTube_Video_Ads,6031,183,328.24,305.38
2024-02-22,Shopping_Ads,TX,Search_Brand_Terms,10301,309,439.35,1173.3
2024-02-22,Search_Ads,PA,Shopping_Campaigns,14866,547,1107.72,1564.64
2024-02-22,Search_Ads,NY,Display_Remarketing,7316,290,416.46,372.65
2024-02-22,Search_Ads,NY,YouTube_Video_Ads,12293,583,1273.24,1076.28
2024-02-22,Video_Ads,GA,YouTube_Video_Ads,5876,165,292.24,132.37
2024-02-23,Shopping_Ads,FL,Search_Brand_Terms,15890,689,2009.34,3524.34
2024-02-23,Video_Ads,OH,Search_Brand_Terms,6377,277,605.11,1379.4
2024-02-23,Shopping_Ads,IL,Shopping_Campaigns,11044,558,1578.91,1681.89
2024-02-23,Search_Ads,IL,Display_Remarketing,7394,241,237.9,113.62
2024-02-23,Video_Ads,GA,YouTube_Video_Ads,9479,338,965.2,380.67
2024-02-24,Video_Ads,IL,Search_Brand_Terms,11339,456,976.95,466.58
2024-02-24,Search_Ads,NY,Search_Brand_Terms,5305,163,292.64,78.07
2024-02-24,Shopping_Ads,TX,Shopping_Campaigns,11913,195,270.76,721.99
2024-02-24,Search_Ads,NY,Display_Remarketing,6884,303,383.43,1309.03
2024-02-24,Search_Ads,GA,YouTube_Video_Ads,9009,206,265.02,104.94
2024-02-24,Display_Ads,CA,YouTube_Video_Ads,13178,589,1197.57,714.83
2024-02-25,Search_Ads,OH,Search_Brand_Terms,7831,295,345.87,784.74
2024-02-25,Display_Ads,MI,Shopping_Campaigns,6824,225,686.15,716.39
2024-02-25,Shopping_Ads,OH,Shopping_Campaigns,2245,96,230.95,197.41
2024-02-25,Search_Ads,IL,Display_Remarketing,10978,533,694.23,615.5
2024-02-25,Video_Ads,NY,YouTube_Video_Ads,9149,276,261.97,134.87
2024-02-25,Display_Ads,NC,YouTube_Video_Ads,7627,239,617.62,91.47
2024-02-26,Video_Ads,FL,Search_Brand_Terms,8298,233,454.45,555.41
2024-02-26,Shopping_Ads,OH,Search_Brand_Terms,11594,221,542.88,1203.15
2024-02-26,Shopping_Ads,NY,Shopping_Campaigns,8421,158,444.87,380.92
2024-02-26,Search_Ads,NC,Shopping_Campaigns,5797,200,565.83,360.77
2024-02-26,Shopping_Ads,IL,Display_Remarketing,6040,312,520.72,146.5
2024-02-26,Search_Ads,TX,YouTube_Video_Ads,9338,315,275.09,695.59
2024-02-27,Display_Ads,NY,Search_Brand_Terms,9955,248,659.89,334.81
2024-02-27,Search_Ads,NY,Shopping_Campaigns,7103,197,408.85,1031.05
2024-02-27,Shopping_Ads,FL,Shopping_Campaigns,10943,273,680.66,373.23
2024-02-27,Search_Ads,IL,Display_Remarketing,9462,431,1262.68,169.05
2024-02-27,Shopping_Ads,TX,YouTube_Video_Ads,11348,424,1148.34,319.06
2024-02-27,Video_Ads,MI,YouTube_Video_Ads,11641,565,488.04,1476.4
2024-02-28,Display_Ads,CA,Search_Brand_Terms,5100,142,430.79,739.05
2024-02-28,Search_Ads,CA,Search_Brand_Terms,7283,218,388.94,653.34
2024-02-28,Display_Ads,OH,Shopping_Campaigns,11641,485,780.56,601.39
2024-02-28,Search_Ads,PA,Display_Remarketing,5035,117,382.59,100
2024-02-28,Display_Ads,PA,YouTube_Video_Ads,6421,144,330.86,0.0
2024-02-28,Display_Ads,TX,YouTube_Video_Ads,11481,424,1175.4,216.37
2024-02-29,Display_Ads,FL,Search_Brand_Terms,9307,350,334.27,824.7
2024-02-29,Shopping_Ads,NY,Search_Brand_Terms,5241,153,327.27,750.37
2024-02-29,Video_Ads,TX,Shopping_Campaigns,11639,404,1119.71,1624.0
2024-02-29,Shopping_Ads,NC,Display_Remarketing,8806,352,870.28,290.23
2024-02-29,Video_Ads,GA,Display_Remarketing,9626,487,1449.95,591.79
2024-02-29,Shopping_Ads,NY,YouTube_Video_Ads,9578,269,676.89,120.42
2024-03-01,Display_Ads,PA,Search_Brand_Terms,12072,323,851.0,774.55
2024-03-01,Video_Ads,OH,Search_Brand_Terms,8280,298,738.0,696.37
2024-03-01,Display_Ads,OH,Shopping_Campaigns,6880,235,581.76,1737.49
2024-03-01,Video_Ads,TX,Shopping_Campaigns,12338,412,1242.21,2381.05
2024-03-01,Shopping_Ads,GA,Display_Remarketing,9103,408,1012.59,1304.78
2024-03-01,Display_Ads,CA,Display_Remarketing,8658,391,1260.9,514.15
2024-03-01,Display_Ads,IL,YouTube_Video_Ads,10135,178,156.82,0.0
2024-03-01,Shopping_Ads,CA,YouTube_Video_Ads,12579,485,963.65,242.55
2024-03-02,Display_Ads,GA,Search_Brand_Terms,10204,417,816.85,835.37
2024-03-02,Search_Ads,TX,Shopping_Campaigns,8733,268,508.27,671.34
2024-03-02,Display_Ads,TX,Display_Remarketing,8936,369,591.28,423.05
2024-03-02,Video_Ads,CA,YouTube_Video_Ads,14179,578,730.5,662.73
2024-03-03,Display_Ads,GA,Search_Brand_Terms,10364,314,279.15,1580.34
2024-03-03,Video_Ads,NY,Search_Brand_Terms,7494,239,469.06,223.92
2024-03-03,Display_Ads,CA,Shopping_Campaigns,10931,345,1065.84,1367.06
2024-03-03,Shopping_Ads,CA,Display_Remarketing,17167,690,1422.6,1798.46
2024-03-03,Display_Ads,TX,YouTube_Video_Ads,8832,325,868.94,351.28
2024-03-03,Shopping_Ads,FL,YouTube_Video_Ads,7543,140,347.57,95.18
2024-03-04,Display_Ads,NY,Search_Brand_Terms,10412,453,887.11,1807.83
2024-03-04,Video_Ads,MI,Shopping_Campaigns,5601,181,536.14,950.34
2024-03-04,Shopping_Ads,TX,Display_Remarketing,9865,355,858.91,480.29
2024-03-04,Display_Ads,GA,Display_Remarketing,11998,540,1355.97,1634.7
2024-03-04,Display_Ads,IL,YouTube_Video_Ads,10534,359,798.72,509.57
2024-03-04,Search_Ads,FL,YouTube_Video_Ads,10414,283,484.13,582.77
2024-03-05,Search_Ads,NC,Search_Brand_Terms,9510,250,467.69,273.89
2024-03-05,Search_Ads,PA,Search_Brand_Terms,8624,296,353.49,1609.56
2024-03-05,Video_Ads,NY,Shopping_Campaigns,9067,304,650.76,970.28
2024-03-05,Shopping_Ads,NY,Display_Remarketing,12673,430,962.78,834.82
2024-03-05,Search_Ads,CA,YouTube_Video_Ads,11092,279,280.23,437.62
2024-03-05,Video_Ads,PA,YouTube_Video_Ads,6152,145,154.94,103.47
2024-03-06,Search_Ads,TX,Search_Brand_Terms,10260,394,813.22,484.48
2024-03-06,Shopping_Ads,NY,Search_Brand_Terms,10559,270,501.7,1284.29
2024-03-06,Search_Ads,PA,Shopping_Campaigns,8059,221,564.57,910.55
2024-03-06,Display_Ads,IL,Shopping_Campaigns,9118,277,555.5,759.19
2024-03-06,Search_Ads,MI,Display_Remarketing,10471,432,867.58,361.91
2024-03-06,Shopping_Ads,GA,Display_Remarketing,12648,409,1158.59,430.11
2024-03-06,Search_Ads,PA,YouTube_Video_Ads,5430,228,594.43,356.87
2024-03-06,Shopping_Ads,TX,YouTube_Video_Ads,13941,525,821.31,672.21
2024-03-07,Video_Ads,NC,Search_Brand_Terms,7655,386,609.77,890.51
2024-03-07,Display_Ads,PA,Shopping_Campaigns,10882,225,589.08,364.55
2024-03-07,Search_Ads,OH,Display_Remarketing,8199,221,540.08,0.0
2024-03-07,Shopping_Ads,CA,YouTube_Video_Ads,9622,238,523.96,621.8
2024-03-07,Shopping_Ads,OH,YouTube_Video_Ads,10214,285,875.0,413.27
2024-03-08,Display_Ads,CA,Search_Brand_Terms,8040,255,489.06,746.48
2024-03-08,Shopping_Ads,OH,Shopping_Campaigns,8740,400,799.33,445.68
2024-03-08,Video_Ads,TX,Shopping_Campaigns,12432,616,1253.17,708.15
2024-03-08,Display_Ads,OH,Display_Remarketing,7533,316,502.07,286.52
2024-03-08,Video_Ads,NY,YouTube_Video_Ads,8407,299,1067.35,383.51
2024-03-09,Shopping_Ads,CA,Search_Brand_Terms,13473,247,320.35,832.88
2024-03-09,Video_Ads,CA,Shopping_Campaigns,12237,348,909.74,416.93
2024-03-09,Search_Ads,FL,Shopping_Campaigns,13901,240,488.01,241.78
2024-03-09,Search_Ads,MI,Display_Remarketing,8145,264,479.36,33.63
2024-03-09,Shopping_Ads,CA,Display_Remarketing,10853,352,587.96,485.8
2024-03-09,Video_Ads,MI,YouTube_Video_Ads,12285,241,356.9,215.38
2024-03-10,Shopping_Ads,CA,Search_Brand_Terms,8058,419,608.0,1067.08
2024-03-10,Video_Ads,GA,Shopping_Campaigns,9637,243,237.8,457.09
2024-03-10,Display_Ads,MI,Display_Remarketing,10828,278,304.2,442.54
2024-03-10,Shopping_Ads,PA,YouTube_Video_Ads,16241,403,1155.89,643.95
2024-03-11,Video_Ads,MI,Search_Brand_Terms,12980,603,1130.36,2106.21
2024-03-11,Shopping_Ads,OH,Shopping_Campaigns,10285,246,514.51,590.38
2024-03-11,Video_Ads,MI,Shopping_Campaigns,6804,213,705.5,428.26
2024-03-11,Search_Ads,GA,Display_Remarketing,14743,449,674.84,445.09
2024-03-11,Display_Ads,CA,Display_Remarketing,10066,375,657.53,717.87
2024-03-11,Search_Ads,FL,YouTube_Video_Ads,9056,345,1182.78,264.12
2024-03-11,Video_Ads,NY,YouTube_Video_Ads,6666,304,498.25,157.32
2024-03-12,Search_Ads,NY,Search_Brand_Terms,10802,322,994.66,1157.83
2024-03-12,Display_Ads,MI,Shopping_Campaigns,14104,423,939.01,419.62
2024-03-12,Display_Ads,TX,Display_Remarketing,8662,124,227.13,404.65
2024-03-12,Display_Ads,GA,Display_Remarketing,13656,503,186.56,190.5
2024-03-12,Display_Ads,CA,YouTube_Video_Ads,7852,272,667.84,605.86
2024-03-12,Search_Ads,TX,YouTube_Video_Ads,6530,196,634.23,413.91
2024-03-13,Search_Ads,NC,Search_Brand_Terms,9894,444,718.78,868.96
2024-03-13,Display_Ads,NY,Shopping_Campaigns,8483,282,491.94,1089.24
2024-03-13,Shopping_Ads,NY,Display_Remarketing,10798,407,984.58,343.32
2024-03-13,Display_Ads,NY,YouTube_Video_Ads,11779,437,1000.72,570.64
2024-03-13,Search_Ads,OH,YouTube_Video_Ads,12069,354,900.92,759.67
2024-03-14,Video_Ads,OH,Search_Brand_Terms,13062,656,1922.99,3007.49
2024-03-14,Display_Ads,MI,Shopping_Campaigns,8408,338,637.91,705.76
2024-03-14,Search_Ads,FL,Display_Remarketing,11781,437,752.7,933.75
2024-03-14,Search_Ads,PA,Display_Remarketing,10102,350,707.72,608.12
2024-03-14,Display_Ads,IL,YouTube_Video_Ads,11086,488,1333.9,890.36
2024-03-14,Search_Ads,TX,YouTube_Video_Ads,7370,367,995.84,226.27
2024-03-15,Display_Ads,PA,Search_Brand_Terms,7539,286,401.49,476.06
2024-03-15,Search_Ads,IL,Search_Brand_Terms,8220,204,542.87,664.24
2024-03-15,Display_Ads,MI,Shopping_Campaigns,9308,282,451.75,973.81
2024-03-15,Shopping_Ads,TX,Display_Remarketing,12313,449,752.04,846.4
2024-03-15,Search_Ads,FL,Display_Remarketing,11927,403,1128.69,455.43
2024-03-15,Shopping_Ads,FL,YouTube_Video_Ads,12565,624,1539.73,561.48
2024-03-16,Video_Ads,NC,Search_Brand_Terms,16112,444,1065.11,845.68
2024-03-16,Shopping_Ads,TX,Search_Brand_Terms,9984,371,789.64,1277.77
2024-03-16,Display_Ads,NY,Shopping_Campaigns,12559,344,860.41,1365.3
2024-03-16,Video_Ads,CA,Display_Remarketing,9810,448,811.62,777.04
2024-03-16,Display_Ads,OH,YouTube_Video_Ads,11104,329,924.74,800.94
2024-03-16,Display_Ads,FL,YouTube_Video_Ads,11429,340,442.82,411.72
2024-03-17,Shopping_Ads,IL,Search_Brand_Terms,10205,308,675.5,1165.13
2024-03-17,Shopping_Ads,GA,Shopping_Campaigns,8674,179,329.89,0.0
2024-03-17,Video_Ads,GA,Shopping_Campaigns,5901,210,74.11,112.28
2024-03-17,Search_Ads,OH,Display_Remarketing,10512,306,974.35,592.05
2024-03-17,Display_Ads,CA,YouTube_Video_Ads,7270,342,528.74,0.0
2024-03-18,Video_Ads,GA,Search_Brand_Terms,11718,483,910.69,2365.99
2024-03-18,Shopping_Ads,NY,Search_Brand_Terms,6425,100,287.59,240.36
2024-03-18,Search_Ads,OH,Shopping_Campaigns,3870,135,150.3,823.31
2024-03-18,Display_Ads,IL,Shopping_Campaigns,12353,626,1315.37,719.12
2024-03-18,Video_Ads,NC,Display_Remarketing,10096,166,333.52,178.61
2024-03-18,Search_Ads,NC,YouTube_Video_Ads,9929,311,823.16,503.48
2024-03-19,Video_Ads,PA,Search_Brand_Terms,11026,458,1467.06,1944.55
2024-03-19,Shopping_Ads,MI,Shopping_Campaigns,11791,458,322.93,945.78
2024-03-19,Video_Ads,FL,Display_Remarketing,9637,369,562.44,430.05
2024-03-19,Shopping_Ads,NY,YouTube_Video_Ads,8696,346,720.95,551.04
2024-03-20,Display_Ads,PA,Search_Brand_Terms,8613,301,832.79,1138.27
2024-03-20,Search_Ads,FL,Shopping_Campaigns,10507,584,1693.42,1270.44
2024-03-20,Shopping_Ads,NY,Display_Remarketing,7288,318,873.6,736.55
2024-03-20,Display_Ads,TX,Display_Remarketing,8894,308,639.6,239.33
2024-03-20,Display_Ads,OH,YouTube_Video_Ads,13890,484,967.89,427.07
2024-03-21,Shopping_Ads,GA,Search_Brand_Terms,14488,550,1746.37,1715.33
2024-03-21,Search_Ads,IL,Search_Brand_Terms,6480,320,657.79,1125.08
2024-03-21,Display_Ads,PA,Shopping_Campaigns,9039,383,1213.7,1459.36
2024-03-21,Display_Ads,MI,Display_Remarketing,11887,441,664.24,303.42
2024-03-21,Search_Ads,OH,Display_Remarketing,12248,320,432.75,279.77
2024-03-21,Video_Ads,IL,YouTube_Video_Ads,2538,25,67.95,80.44
2024-03-22,Display_Ads,OH,Search_Brand_Terms,16574,645,1196.48,1651.27
2024-03-22,Video_Ads,NY,Search_Brand_Terms,7764,266,683.64,1063.67
2024-03-22,Search_Ads,NY,Shopping_Campaigns,12792,320,736.59,363.39
2024-03-22,Search_Ads,CA,Display_Remarketing,11810,444,944.66,395.23
2024-03-22,Display_Ads,MI,Display_Remarketing,7651,295,488.29,273.96
2024-03-22,Video_Ads,GA,YouTube_Video_Ads,11470,229,685.36,90.31
2024-03-23,Shopping_Ads,PA,Search_Brand_Terms,7097,225,391.44,482.14
2024-03-23,Video_Ads,NC,Shopping_Campaigns,12107,318,963.24,1134.49
2024-03-23,Shopping_Ads,TX,Shopping_Campaigns,13173,509,953.47,1129.0
2024-03-23,Display_Ads,FL,Display_Remarketing,11916,409,1193.2,303.02
2024-03-23,Display_Ads,OH,YouTube_Video_Ads,9821,229,645.51,387.15
2024-03-23,Search_Ads,MI,YouTube_Video_Ads,12460,457,745.08,787.71
2024-03-24,Shopping_Ads,OH,Search_Brand_Terms,11137,413,931.41,745.21
2024-03-24,Video_Ads,OH,Search_Brand_Terms,9274,269,819.83,807.08
2024-03-24,Search_Ads,TX,Shopping_Campaigns,10609,430,669.05,380.94
2024-03-24,Search_Ads,NY,Display_Remarketing,8833,401,708.65,460.82
2024-03-24,Shopping_Ads,FL,YouTube_Video_Ads,7766,372,528.22,391.84
2024-03-24,Display_Ads,TX,YouTube_Video_Ads,12737,526,1499.48,474.43
2024-03-25,Search_Ads,PA,Search_Brand_Terms,10501,415,876.68,1446.63
2024-03-25,Shopping_Ads,NY,Shopping_Campaigns,9886,358,1009.01,858.86
2024-03-25,Search_Ads,TX,Shopping_Campaigns,13450,628,910.93,2306.62
2024-03-25,Video_Ads,NY,Display_Remarketing,10747,649,1846.95,1162.92
2024-03-25,Search_Ads,GA,YouTube_Video_Ads,9137,272,424.11,318.18
2024-03-25,Video_Ads,IL,YouTube_Video_Ads,8310,200,213.46,102.6
2024-03-26,Search_Ads,NC,Search_Brand_Terms,11808,236,511.76,1013.7
2024-03-26,Search_Ads,IL,Shopping_Campaigns,9601,362,1310.26,439.9
2024-03-26,Display_Ads,NY,Display_Remarketing,12261,613,771.52,409.09
2024-03-26,Shopping_Ads,GA,Display_Remarketing,8904,337,965.4,230.34
2024-03-26,Search_Ads,TX,YouTube_Video_Ads,8146,394,820.29,207.85
2024-03-26,Display_Ads,NC,YouTube_Video_Ads,8155,161,402.83,0.0
2024-03-27,Display_Ads,TX,Search_Brand_Terms,10351,335,534.75,1399.88
2024-03-27,Display_Ads,IL,Shopping_Campaigns,14847,527,1077.7,1001.42
2024-03-27,Display_Ads,FL,Shopping_Campaigns,12785,336,434.99,222.27
2024-03-27,Search_Ads,MI,Display_Remarketing,4438,122,336.98,315.2
2024-03-27,Search_Ads,FL,YouTube_Video_Ads,8343,237,444.46,96.76
2024-03-28,Search_Ads,NY,Search_Brand_Terms,11639,668,1198.74,2679.49
2024-03-28,Search_Ads,GA,Search_Brand_Terms,9304,566,985.28,2046.07
2024-03-28,Video_Ads,CA,Shopping_Campaigns,9034,213,239.79,568.92
2024-03-28,Video_Ads,TX,Display_Remarketing,11503,314,631.07,378.17
2024-03-28,Shopping_Ads,NY,YouTube_Video_Ads,9218,313,815.88,88.91
2024-03-28,Search_Ads,TX,YouTube_Video_Ads,10040,277,675.68,468.2
2024-03-29,Search_Ads,NY,Search_Brand_Terms,12524,627,1527.98,1574.83
2024-03-29,Display_Ads,CA,Shopping_Campaigns,7297,248,735.0,831.11
2024-03-29,Shopping_Ads,GA,Display_Remarketing,7935,242,443.33,282.3
2024-03-29,Display_Ads,NC,Display_Remarketing,9907,278,594.14,105.34
2024-03-29,Shopping_Ads,GA,YouTube_Video_Ads,10547,529,1173.88,327.37
2024-03-30,Shopping_Ads,OH,Search_Brand_Terms,6531,282,450.27,1188.83
2024-03-30,Display_Ads,IL,Shopping_Campaigns,7128,251,516.86,1157.89
2024-03-30,Display_Ads,CA,Shopping_Campaigns,4468,166,436.51,602.49
2024-03-30,Video_Ads,PA,Display_Remarketing,7536,320,654.53,613.4
2024-03-30,Display_Ads,GA,YouTube_Video_Ads,5680,287,761.98,97.78
2024-03-30,Display_Ads,NY,YouTube_Video_Ads,9065,307,389.9,519.88
2024-03-31,Video_Ads,GA,Search_Brand_Terms,9878,330,479.84,1192.2
2024-03-31,Search_Ads,MI,Shopping_Campaigns,8083,279,261.13,1046.44
2024-03-31,Search_Ads,CA,Display_Remarketing,12673,263,575.79,407.45
2024-03-31,Display_Ads,CA,Display_Remarketing,10313,103,147.99,209.32
2024-03-31,Video_Ads,FL,YouTube_Video_Ads,11987,472,857.46,625.58
2024-03-31,Shopping_Ads,FL,YouTube_Video_Ads,9850,358,649.15,508.4
2024-04-01,Display_Ads,IL,Search_Brand_Terms,5619,202,451.07,629.46
2024-04-01,Display_Ads,TX,Search_Brand_Terms,12442,527,836.47,1951.57
2024-04-01,Display_Ads,MI,Shopping_Campaigns,9825,124,218.32,361.86
2024-04-01,Display_Ads,MI,Display_Remarketing,9701,310,721.69,467.61
2024-04-01,Display_Ads,TX,Display_Remarketing,8961,321,958.94,396.33
2024-04-01,Shopping_Ads,GA,YouTube_Video_Ads,8352,249,708.51,199.88
2024-04-01,Shopping_Ads,NY,YouTube_Video_Ads,11166,416,1215.66,481.94
2024-04-02,Display_Ads,NY,Search_Brand_Terms,8320,281,771.32,1852.98
2024-04-02,Display_Ads,GA,Search_Brand_Terms,8601,376,1128.94,457.8
2024-04-02,Video_Ads,CA,Shopping_Campaigns,11527,404,712.37,1872.28
2024-04-02,Shopping_Ads,PA,Display_Remarketing,9172,400,1080.66,582.04
2024-04-02,Video_Ads,PA,Display_Remarketing,12914,354,964.01,632.06
2024-04-02,Display_Ads,MI,YouTube_Video_Ads,12767,540,1009.3,901.62
2024-04-03,Shopping_Ads,NC,Search_Brand_Terms,6526,147,407.29,209.25
2024-04-03,Shopping_Ads,OH,Search_Brand_Terms,11732,297,760.1,1483.3
2024-04-03,Video_Ads,GA,Shopping_Campaigns,8430,428,778.49,1293.99
2024-04-03,Shopping_Ads,TX,Display_Remarketing,9829,357,453.49,279.34
2024-04-03,Search_Ads,TX,YouTube_Video_Ads,7799,353,1121.1,290.62
2024-04-03,Search_Ads,IL,YouTube_Video_Ads,7640,161,228.06,75
2024-04-04,Search_Ads,NY,Search_Brand_Terms,5683,178,501.73,676.66
2024-04-04,Display_Ads,PA,Shopping_Campaigns,10655,568,1328.57,1631.01
2024-04-04,Display_Ads,PA,Display_Remarketing,8917,222,664.38,710.0
2024-04-04,Display_Ads,PA,Display_Remarketing,7812,237,878.66,178.62
2024-04-04,Display_Ads,PA,YouTube_Video_Ads,8778,406,1531.71,643.82
2024-04-05,Display_Ads,FL,Search_Brand_Terms,5374,325,679.79,1353.67
2024-04-05,Video_Ads,OH,Search_Brand_Terms,11999,196,236.22,471.3
2024-04-05,Search_Ads,OH,Shopping_Campaigns,7068,101,291.59,189.59
2024-04-05,Shopping_Ads,NY,Display_Remarketing,9212,186,334.0,87.15
2024-04-05,Display_Ads,CA,Display_Remarketing,5019,204,458.93,0.0
2024-04-05,Display_Ads,NC,YouTube_Video_Ads,6120,242,484.93,244.3
2024-04-06,Display_Ads,PA,Search_Brand_Terms,10198,473,1282.18,2728.36
2024-04-06,Search_Ads,OH,Shopping_Campaigns,15821,452,900.24,865.97
2024-04-06,Search_Ads,NC,Display_Remarketing,11632,473,561.7,576.87
2024-04-06,Display_Ads,IL,Display_Remarketing,7468,262,497.58,131.14
2024-04-06,Search_Ads,GA,YouTube_Video_Ads,9420,323,966.33,102.12
2024-04-07,Display_Ads,CA,Search_Brand_Terms,10784,130,330.65,561.38
2024-04-07,Shopping_Ads,MI,Search_Brand_Terms,9369,291,462.89,994.54
2024-04-07,Search_Ads,NY,Shopping_Campaigns,7405,305,747.44,1736.19
2024-04-07,Search_Ads,GA,Shopping_Campaigns,8872,292,594.02,912.95
2024-04-07,Shopping_Ads,PA,Display_Remarketing,10795,278,754.81,786.68
2024-04-07,Video_Ads,IL,Display_Remarketing,10395,209,365.11,265.01
2024-04-07,Video_Ads,CA,YouTube_Video_Ads,9173,358,456.85,791.91
2024-04-07,Display_Ads,NY,YouTube_Video_Ads,11108,392,728.5,383.36
2024-04-08,Display_Ads,NY,Search_Brand_Terms,8333,354,446.92,2021.25
2024-04-08,Video_Ads,CA,Search_Brand_Terms,7999,153,306.68,464.65
2024-04-08,Search_Ads,GA,Shopping_Campaigns,9090,387,932.22,1119.7
2024-04-08,Display_Ads,GA,Display_Remarketing,12235,512,1059.7,803.64
2024-04-08,Display_Ads,CA,YouTube_Video_Ads,9157,288,660.79,362.04
2024-04-09,Search_Ads,CA,Search_Brand_Terms,11388,391,1160.87,639.77
2024-04-09,Video_Ads,IL,Shopping_Campaigns,5828,104,166.48,175
2024-04-09,Shopping_Ads,NC,Display_Remarketing,8795,415,1167.76,389.14
2024-04-09,Shopping_Ads,IL,YouTube_Video_Ads,12355,605,2028.4,925.72
2024-04-09,Shopping_Ads,CA,YouTube_Video_Ads,9321,501,1364.49,227.93
2024-04-10,Video_Ads,PA,Search_Brand_Terms,10526,437,1303.78,3079.66
2024-04-10,Shopping_Ads,OH,Shopping_Campaigns,8171,264,323.36,880.99
2024-04-10,Shopping_Ads,OH,Shopping_Campaigns,11924,360,818.4,421.61
2024-04-10,Video_Ads,NC,Display_Remarketing,9413,336,786.6,504.03
2024-04-10,Shopping_Ads,NC,Display_Remarketing,9183,405,1520.67,198.34
2024-04-10,Search_Ads,GA,YouTube_Video_Ads,12004,607,1836.46,603.69
2024-04-10,Search_Ads,PA,YouTube_Video_Ads,12012,471,1475.28,532.46
2024-04-11,Shopping_Ads,CA,Search_Brand_Terms,9220,338,932.2,1522.21
2024-04-11,Video_Ads,MI,Search_Brand_Terms,8959,287,529.72,3013.27
2024-04-11,Display_Ads,OH,Shopping_Campaigns,8710,297,631.15,643.03
2024-04-11,Search_Ads,FL,Display_Remarketing,11905,442,960.34,728.61
2024-04-11,Video_Ads,OH,YouTube_Video_Ads,8813,265,581.85,68.57
2024-04-12,Shopping_Ads,TX,Search_Brand_Terms,11850,305,892.99,1247.19
2024-04-12,Display_Ads,OH,Shopping_Campaigns,12997,639,1430.24,1352.12
2024-04-12,Display_Ads,CA,Shopping_Campaigns,11561,412,566.91,1119.06
2024-04-12,Display_Ads,IL,Display_Remarketing,7217,355,873.17,403.47
2024-04-12,Search_Ads,OH,YouTube_Video_Ads,4667,151,251.14,188.96
2024-04-12,Video_Ads,IL,YouTube_Video_Ads,6660,232,301.42,251.17
2024-04-13,Shopping_Ads,NY,Search_Brand_Terms,8601,297,747.42,1369.11
2024-04-13,Search_Ads,GA,Search_Brand_Terms,10427,318,897.98,1961.68
2024-04-13,Search_Ads,CA,Shopping_Campaigns,9912,175,338.45,391.0
2024-04-13,Search_Ads,OH,Shopping_Campaigns,8029,316,649.97,998.95
2024-04-13,Search_Ads,GA,Display_Remarketing,8428,244,740.17,461.93
2024-04-13,Video_Ads,GA,YouTube_Video_Ads,8930,410,486.28,627.13
2024-04-13,Search_Ads,OH,YouTube_Video_Ads,6284,149,379.68,265.03
2024-04-14,Video_Ads,MI,Search_Brand_Terms,11734,451,768.83,656.78
2024-04-14,Search_Ads,CA,Search_Brand_Terms,11031,298,594.04,1851.35
2024-04-14,Shopping_Ads,FL,Shopping_Campaigns,10762,333,856.0,1328.8
2024-04-14,Video_Ads,CA,Shopping_Campaigns,13557,550,1075.81,750.8
2024-04-14,Display_Ads,PA,Display_Remarketing,10538,489,1497.16,323.47
2024-04-14,Shopping_Ads,GA,Display_Remarketing,9104,274,783.5,1047.83
2024-04-14,Display_Ads,IL,YouTube_Video_Ads,9257,463,987.47,200
2024-04-15,Search_Ads,NC,Search_Brand_Terms,10359,416,809.74,727.63
2024-04-15,Video_Ads,MI,Shopping_Campaigns,9196,450,1098.17,1609.94
2024-04-15,Shopping_Ads,TX,Shopping_Campaigns,11161,291,817.83,1318.16
2024-04-15,Search_Ads,IL,Display_Remarketing,9701,174,562.85,387.81
2024-04-15,Video_Ads,OH,Display_Remarketing,3909,87,161.23,210.27
2024-04-15,Display_Ads,CA,YouTube_Video_Ads,6796,192,394.66,67.79
2024-04-15,Display_Ads,NY,YouTube_Video_Ads,7929,340,762.8,420.01
2024-04-16,Search_Ads,MI,Search_Brand_Terms,12713,394,972.65,1543.78
2024-04-16,Shopping_Ads,PA,Search_Brand_Terms,10344,289,480.67,938.77
2024-04-16,Shopping_Ads,CA,Shopping_Campaigns,13930,354,477.92,414.33
2024-04-16,Display_Ads,NC,Display_Remarketing,10805,459,1222.56,283.98
2024-04-16,Display_Ads,PA,YouTube_Video_Ads,6404,155,144.48,94.45
2024-04-17,Video_Ads,MI,Search_Brand_Terms,8743,299,693.58,530.71
2024-04-17,Video_Ads,PA,Shopping_Campaigns,10132,446,371.21,1205.06
2024-04-17,Video_Ads,IL,Shopping_Campaigns,9267,414,1077.96,1839.12
2024-04-17,Display_Ads,PA,Display_Remarketing,9636,360,584.08,341.32
2024-04-17,Video_Ads,MI,Display_Remarketing,8659,339,706.83,163.56
2024-04-17,Display_Ads,NC,YouTube_Video_Ads,9343,260,587.07,97.17
2024-04-18,Display_Ads,NC,Search_Brand_Terms,7458,303,151.29,1134.89
2024-04-18,Video_Ads,GA,Shopping_Campaigns,7446,350,832.76,1130.02
2024-04-18,Shopping_Ads,OH,Shopping_Campaigns,8899,215,394.77,196.63
2024-04-18,Shopping_Ads,NY,Display_Remarketing,9485,473,821.37,948.42
2024-04-18,Shopping_Ads,TX,Display_Remarketing,3167,144,283.42,260.91
2024-04-18,Video_Ads,TX,YouTube_Video_Ads,10116,553,1001.12,316.46
2024-04-19,Display_Ads,PA,Search_Brand_Terms,7598,281,556.38,633.6
2024-04-19,Search_Ads,TX,Search_Brand_Terms,4130,219,473.95,499.96
2024-04-19,Video_Ads,PA,Shopping_Campaigns,14617,409,1026.33,948.0
2024-04-19,Video_Ads,CA,Display_Remarketing,11003,345,551.82,341.94
2024-04-19,Shopping_Ads,OH,Display_Remarketing,14536,524,1554.57,887.27
2024-04-19,Video_Ads,PA,YouTube_Video_Ads,9423,337,822.83,1026.44
2024-04-19,Display_Ads,TX,YouTube_Video_Ads,8066,371,715.9,411.14
2024-04-20,Search_Ads,PA,Search_Brand_Terms,16196,417,967.76,1743.53
2024-04-20,Display_Ads,PA,Search_Brand_Terms,9383,335,1010.84,1921.37
2024-04-20,Display_Ads,GA,Shopping_Campaigns,10586,214,358.02,615.56
2024-04-20,Search_Ads,NC,Shopping_Campaigns,11963,356,994.27,711.14
2024-04-20,Shopping_Ads,IL,Display_Remarketing,3883,150,254.23,279.42
2024-04-20,Display_Ads,NC,YouTube_Video_Ads,11169,552,1159.5,904.18
2024-04-20,Search_Ads,NY,YouTube_Video_Ads,6279,185,336.14,309.42
2024-04-21,Shopping_Ads,NY,Search_Brand_Terms,9334,261,909.16,555.66
2024-04-21,Video_Ads,FL,Shopping_Campaigns,7488,138,276.6,693.28
2024-04-21,Search_Ads,PA,Display_Remarketing,12945,518,868.58,330.57
2024-04-21,Shopping_Ads,NC,YouTube_Video_Ads,10433,521,850.65,458.25
2024-04-22,Search_Ads,MI,Search_Brand_Terms,9980,256,703.42,430.06
2024-04-22,Search_Ads,MI,Search_Brand_Terms,8738,292,610.32,1640.78
2024-04-22,Video_Ads,NY,Shopping_Campaigns,11785,337,599.07,978.08
2024-04-22,Video_Ads,CA,Display_Remarketing,9299,410,818.03,183.55
2024-04-22,Shopping_Ads,PA,YouTube_Video_Ads,8003,311,597.48,247.52
2024-04-22,Shopping_Ads,GA,YouTube_Video_Ads,7002,264,693.54,300.82
2024-04-23,Display_Ads,FL,Search_Brand_Terms,6889,331,764.69,2048.02
2024-04-23,Video_Ads,GA,Shopping_Campaigns,12913,146,259.09,545.03
2024-04-23,Search_Ads,NY,Shopping_Campaigns,7692,313,729.35,979.31
2024-04-23,Display_Ads,TX,Display_Remarketing,13050,616,603.93,1181.0
2024-04-23,Shopping_Ads,IL,YouTube_Video_Ads,9274,399,849.98,472.85
2024-04-24,Display_Ads,MI,Search_Brand_Terms,8156,189,320.65,256.21
2024-04-24,Display_Ads,NY,Search_Brand_Terms,5694,238,629.23,812.53
2024-04-24,Video_Ads,NC,Shopping_Campaigns,12154,141,275.52,524.31
2024-04-24,Search_Ads,CA,Display_Remarketing,10388,673,820.09,283.24
2024-04-24,Display_Ads,FL,Display_Remarketing,11212,551,701.55,1651.54
2024-04-24,Display_Ads,TX,YouTube_Video_Ads,5861,159,341.61,0.0
2024-04-25,Display_Ads,MI,Search_Brand_Terms,11539,446,1257.13,1007.09
2024-04-25,Shopping_Ads,FL,Search_Brand_Terms,12212,296,610.7,2412.88
2024-04-25,Display_Ads,OH,Shopping_Campaigns,9914,243,561.19,577.96
2024-04-25,Search_Ads,IL,Display_Remarketing,10695,459,727.24,1147.3
2024-04-25,Search_Ads,CA,Display_Remarketing,6190,141,287.42,172.48
2024-04-25,Search_Ads,OH,YouTube_Video_Ads,10196,103,347.67,274.8
2024-04-25,Video_Ads,PA,YouTube_Video_Ads,8132,285,714.97,343.09
2024-04-26,Shopping_Ads,NC,Search_Brand_Terms,8994,477,1266.49,1791.27
2024-04-26,Search_Ads,CA,Search_Brand_Terms,11612,135,240.73,457.97
2024-04-26,Shopping_Ads,MI,Shopping_Campaigns,7142,148,343.06,362.51
2024-04-26,Video_Ads,NY,Shopping_Campaigns,11173,178,35.6,309.88
2024-04-26,Shopping_Ads,TX,Display_Remarketing,10393,408,842.77,653.82
2024-04-26,Display_Ads,TX,YouTube_Video_Ads,13242,336,550.4,1173.01
2024-04-27,Video_Ads,MI,Search_Brand_Terms,11981,223,468.04,1064.09
2024-04-27,Shopping_Ads,GA,Search_Brand_Terms,12500,403,800.98,1778.67
2024-04-27,Shopping_Ads,GA,Shopping_Campaigns,11222,402,1145.24,690.84
2024-04-27,Search_Ads,MI,Display_Remarketing,8717,447,1305.19,319.31
2024-04-27,Video_Ads,GA,Display_Remarketing,8170,227,318.16,511.63
2024-04-27,Video_Ads,CA,YouTube_Video_Ads,8450,363,761.51,624.17
2024-04-28,Shopping_Ads,IL,Search_Brand_Terms,5306,204,384.74,340.35
2024-04-28,Shopping_Ads,NC,Search_Brand_Terms,11786,447,1312.89,1678.66
2024-04-28,Video_Ads,GA,Shopping_Campaigns,6531,288,768.38,672.59
2024-04-28,Shopping_Ads,TX,Display_Remarketing,8647,476,787.19,1160.88
2024-04-28,Display_Ads,IL,Display_Remarketing,10434,531,979.42,516.68
2024-04-28,Search_Ads,TX,YouTube_Video_Ads,7017,233,174.94,626.27
2024-04-28,Video_Ads,GA,YouTube_Video_Ads,7297,285,757.67,0.0
2024-04-29,Search_Ads,TX,Search_Brand_Terms,7698,275,593.45,362.62
2024-04-29,Search_Ads,MI,Search_Brand_Terms,9315,139,334.31,552.83
2024-04-29,Shopping_Ads,MI,Shopping_Campaigns,10145,303,502.16,547.76
2024-04-29,Video_Ads,NC,Shopping_Campaigns,7249,129,316.86,346.68
2024-04-29,Search_Ads,PA,Display_Remarketing,8489,284,620.28,735.71
2024-04-29,Search_Ads,IL,Display_Remarketing,14054,296,661.62,462.98
2024-04-29,Search_Ads,GA,YouTube_Video_Ads,8669,212,428.0,349.49
2024-04-29,Shopping_Ads,TX,YouTube_Video_Ads,10029,488,1567.69,1132.87
